{
    "_use_": "Use this config file with the ttp_ea.py script",
    
    "development": true,
    "plot_generations": true,
    "runs": 1,
    
    "tsp": {
        "mutation": {
            "probability": 0.13087956089023045
        },
        "crossover": {
            "probability": 0.32380994567849064
        }
    },
    
    "kp": {
        "mutation": {
            "probability": 0.07275532210377511
        },
        "crossover": {
            "probability": 0.1355245285301806
        }
    },

    "tournament_size": 5,
    "elite_percentage": 0.7770951632907888,
    "number_generations": 100,
    "size_population": 100
}
