{
    "_use_": "Use this config file with the ttp_ea.py script",
    
    "development": true,
    "plot_generations": true,
    "runs": 1,
    
    "tsp": {
        "mutation": {
            "probability": 0.3229916056441684
        },
        "crossover": {
            "probability": 0.4576678233066802
        }
    },
    
    "kp": {
        "mutation": {
            "probability": 0.20517853129979058
        },
        "crossover": {
            "probability": 0.13948846961766825
        }
    },

    "tournament_size": 5,
    "elite_percentage": 0.5601686882002754,
    "number_generations": 100,
    "size_population": 100
}
