{
    "_use_": "Use this config file with the ttp_ea.py script",
    
    "development": true,
    "plot_generations": true,
    "runs": 1,
    
    "tsp": {
        "mutation": {
            "probability": 0.18212497735774824
        },
        "crossover": {
            "probability": 0.35700377011936124
        }
    },
    
    "kp": {
        "mutation": {
            "probability": 0.3077580841036177
        },
        "crossover": {
            "probability": 0.4164358597929665
        }
    },

    "tournament_size": 5,
    "elite_percentage": 0.09203029243949246,
    "number_generations": 100,
    "size_population": 100
}
